id,Time,First Name,Last Name,Email,Age,Zipcode,Images,Final Images,Gif,Email Sent,Data Uploaded
cd6f5319-da42-4439-b9db-5099a7e0024e,2017-10-23 21:00:51.065682,Chance,Smith,test@test.com,31,38305,"['photo-0__cd6f5319-da42-4439-b9db-5099a7e0024e.jpg'
 'photo-1__cd6f5319-da42-4439-b9db-5099a7e0024e.jpg'
 'photo-2__cd6f5319-da42-4439-b9db-5099a7e0024e.jpg'
 'photo-3__cd6f5319-da42-4439-b9db-5099a7e0024e.jpg']","['./camera-shots/overlay-photo-0__cd6f5319-da42-4439-b9db-5099a7e0024e.jpg'
 './camera-shots/overlay-photo-1__cd6f5319-da42-4439-b9db-5099a7e0024e.jpg'
 './camera-shots/overlay-photo-2__cd6f5319-da42-4439-b9db-5099a7e0024e.jpg'
 './camera-shots/overlay-photo-3__cd6f5319-da42-4439-b9db-5099a7e0024e.jpg']",cd6f5319-da42-4439-b9db-5099a7e0024e.gif,False,False
60931be5-4ae3-4cf9-93f4-d297eae180f2,2017-10-23 21:03:06.688148,Jim,Smith,test@test.com,31,38305,"['photo-0__60931be5-4ae3-4cf9-93f4-d297eae180f2.jpg'
 'photo-1__60931be5-4ae3-4cf9-93f4-d297eae180f2.jpg'
 'photo-2__60931be5-4ae3-4cf9-93f4-d297eae180f2.jpg'
 'photo-3__60931be5-4ae3-4cf9-93f4-d297eae180f2.jpg']","['./camera-shots/overlay-photo-0__60931be5-4ae3-4cf9-93f4-d297eae180f2.jpg'
 './camera-shots/overlay-photo-1__60931be5-4ae3-4cf9-93f4-d297eae180f2.jpg'
 './camera-shots/overlay-photo-2__60931be5-4ae3-4cf9-93f4-d297eae180f2.jpg'
 './camera-shots/overlay-photo-3__60931be5-4ae3-4cf9-93f4-d297eae180f2.jpg']",60931be5-4ae3-4cf9-93f4-d297eae180f2.gif,False,False
188db5c9-9ab1-42e2-accb-a8a3e7f90564,2017-10-23 21:10:12.921512,Katie,Smith,test@test.com,31,38305,"['photo-0__188db5c9-9ab1-42e2-accb-a8a3e7f90564.jpg'
 'photo-1__188db5c9-9ab1-42e2-accb-a8a3e7f90564.jpg'
 'photo-2__188db5c9-9ab1-42e2-accb-a8a3e7f90564.jpg'
 'photo-3__188db5c9-9ab1-42e2-accb-a8a3e7f90564.jpg']","['overlay-photo-0__188db5c9-9ab1-42e2-accb-a8a3e7f90564.jpg'
 'overlay-photo-1__188db5c9-9ab1-42e2-accb-a8a3e7f90564.jpg'
 'overlay-photo-2__188db5c9-9ab1-42e2-accb-a8a3e7f90564.jpg'
 'overlay-photo-3__188db5c9-9ab1-42e2-accb-a8a3e7f90564.jpg']",188db5c9-9ab1-42e2-accb-a8a3e7f90564.gif,False,False